distance_km,empreinte_train_kg,empreinte_avion_kg,ratio_co2,operateur,pays_operateur,trajet_id,gare_depart,gare_arrivee,heure_depart,heure_arrivee,type_service
1115.0,19.2,176.17,0.109,Укрзалізниця,UA,UZ 064,Lviv,Kharkiv,1899-12-30T15:30:00.000Z,1899-12-30T05:56:00.000Z,NUIT
875.0,2.6,138.25,0.0188,SNCF Voyageurs SA,FR,SNCF IC Nuit 3971,Paris Austerlitz,Latour-de-Carol / La Tor de Querol,1899-12-30T21:40:00.000Z,1899-12-30T10:07:00.000Z,NUIT
1032.0,20.8,163.056,0.1276,Trenitalia S.p.A,IT,FS IC Notte 755,Milano Centrale,Lecce,1899-12-30T21:50:00.000Z,1899-12-30T09:30:00.000Z,NUIT
867.0,17.7,136.986,0.1292,Trenitalia S.p.A,IT,FS IC Notte 1954,Palermo Centrale,Roma Termini,1899-12-30T18:48:00.000Z,1899-12-30T07:18:00.000Z,NUIT
493.0,10.3,77.894,0.1322,C.F.R. Călători S.A.,RO,CFR 1641 (CN),București Nord,Cluj-Napoca,1899-12-30T21:03:00.000Z,1899-12-30T07:02:00.000Z,NUIT
849.0,18.0,134.142,0.1342,C.F.R. Călători S.A.,RO,CFR 1763,Iași,Timişoara Nord,1899-12-30T15:35:00.000Z,1899-12-30T08:56:00.000Z,NUIT
561.0,10.659,88.658,0.1202,Caledonian Sleeper Ltd.,GB,JOUR_CS_5020,London Euston,Inverness,1899-12-30T08:45:00.000Z,1899-12-30T13:28:00.000Z,JOUR
760.0,26.1,120.08,0.2174,PKP Intercity S.A.,PL,PKP IC 38192,Zakopane,Szczecin Gł.,1899-12-30T19:47:00.000Z,1899-12-30T07:23:00.000Z,NUIT
1209.0,19.3,191.022,0.101,Укрзалізниця,UA,UZ 086 P,Zaporizhzhia 1,Lviv,1899-12-30T18:48:00.000Z,1899-12-30T14:15:00.000Z,NUIT
1110.0,17.9,175.38,0.1021,Укрзалізниця,UA,UZ 088 L,Kovel,Zaporizhzhia 1,1899-12-30T17:35:00.000Z,1899-12-30T13:43:00.000Z,NUIT
1484.0,25.4,234.472,0.1083,Укрзалізниця,UA,UZ 003,Uzhhorod,Zaporizhzhia 1,1899-12-30T16:35:00.000Z,1899-12-30T13:08:00.000Z,NUIT
644.0,14.7,101.752,0.1445,Caledonian Sleeper Ltd.,GB,CS 1004 (E),Edinburgh Waverley,London Euston,1899-12-30T23:40:00.000Z,1899-12-30T07:15:00.000Z,NUIT
1337.0,22.6,211.246,0.107,Укрзалізниця,UA,UZ 016,Yasinia,Kharkiv,1899-12-30T13:28:00.000Z,1899-12-30T09:10:00.000Z,NUIT
652.0,0.75,103.016,0.0073,SJ AB,SE,SJ 71 (S),Duved,Stockholm C,1899-12-30T19:01:00.000Z,1899-12-30T05:04:00.000Z,NUIT
852.0,16.2,134.616,0.1203,European Sleeper Cooperatïe,NL,ES 453,Bruxelles Midi / Brussel Zuid,Praha hl.n.,1899-12-30T19:22:00.000Z,1899-12-30T10:45:00.000Z,NUIT
915.0,18.8,144.57,0.13,České dráhy a.s.,CZ,ČD EN 40459,Zürich HB,Praha hl.n.,1899-12-30T19:59:00.000Z,1899-12-30T09:23:00.000Z,NUIT
989.0,3.1,156.262,0.0198,SNCF Voyageurs SA,FR,SNCF IC Nuit 5781,Paris Austerlitz,Nice Ville,1899-12-30T20:51:00.000Z,1899-12-30T09:25:00.000Z,NUIT
645.0,14.6,101.91,0.1433,Caledonian Sleeper Ltd.,GB,CS 1004 (G),Glasgow Central,London Euston,1899-12-30T23:40:00.000Z,1899-12-30T07:15:00.000Z,NUIT
608.0,10.5,96.064,0.1093,České dráhy a.s.,CZ,ČD EN 40476,Budapest-Nyugati,Berlin Hbf,1899-12-30T19:30:00.000Z,1899-12-30T08:14:00.000Z,NUIT
807.0,11.1,127.506,0.0871,HŽ Putnički prijevoz d.o.o.,HR,HŽPP/ÖBB EN 40237,Stuttgart Hbf,Zagreb Gl. K.,1899-12-30T20:29:00.000Z,1899-12-30T10:39:00.000Z,NUIT
711.0,17.1,112.338,0.1522,C.F.R. Călători S.A.,RO,CFR 78/1743,București Nord,Oradea,1899-12-30T21:00:00.000Z,1899-12-30T11:50:00.000Z,NUIT
1278.0,19.9,201.924,0.0986,Укрзалізниця,UA,UZ 192 Š,Odesa Holovna,Kramatorsk,1899-12-30T20:58:00.000Z,1899-12-30T16:45:00.000Z,NUIT
758.0,11.4,119.764,0.0952,Укрзалізниця,UA,UZ 008 Š/060 Š,Odesa Holovna,Kharkiv,1899-12-30T19:56:00.000Z,1899-12-30T09:58:00.000Z,NUIT
1083.0,9.176,171.266,0.0536,European Sleeper Cooperatïe,NL,JOUR_ES_559,Amsterdam Centraal,Bruxelles Midi,1899-12-30T09:17:00.000Z,1899-12-30T18:42:00.000Z,JOUR
1265.0,1.4,199.87,0.007,Merresor AB,DE,ST 3904,Malmö C,Duved,1899-12-30T17:15:00.000Z,1899-12-30T08:20:00.000Z,NUIT
540.0,11.6,85.32,0.136,Укрзалізниця,UA,UZ 019,Kyiv Pasazhyrskyi,Chelm,1899-12-30T18:19:00.000Z,1899-12-30T04:55:00.000Z,NUIT
839.0,18.8,132.562,0.1418,Caledonian Sleeper Ltd.,GB,CS 1002 (FW),Fort William / An Gearasdan,London Euston,1899-12-30T19:50:00.000Z,1899-12-30T08:00:00.000Z,NUIT
870.0,21.5,137.46,0.1564,C.F.R. Călători S.A.,RO,CFR IC 473,Budapest-Keleti,București Nord,1899-12-30T19:10:00.000Z,1899-12-30T11:35:00.000Z,NUIT
1144.0,16.2,180.752,0.0896,European Sleeper Cooperatïe,NL,ES 454,Amsterdam Centraal,Milano Centrale,,,NUIT
1439.0,16.1,227.362,0.0708,SJ AB,SE,SJ EN 345,Stockholm C,Berlin Hbf,1899-12-30T17:34:00.000Z,1899-12-30T09:24:00.000Z,NUIT
841.0,2.9,132.878,0.0218,SNCF Voyageurs SA,FR,SNCF IC Nuit 3731,Tarbes,Paris Austerlitz,1899-12-30T19:00:00.000Z,1899-12-30T07:32:00.000Z,NUIT
845.0,18.0,133.51,0.1348,ÖBB-Personenverkehr AG,AT,ÖBB NJ 402,Zürich HB,Amsterdam Centraal,1899-12-30T21:34:00.000Z,1899-12-30T09:44:00.000Z,NUIT
1212.0,21.7,191.496,0.1133,Укрзалізниця,UA,UZ 073,Kharkiv,Przemyśl Gł.,1899-12-30T13:32:00.000Z,1899-12-30T11:16:00.000Z,NUIT
840.0,16.6,132.72,0.1251,Укрзалізниця,UA,UZ 036 Š,Odesa Holovna,Przemyśl Gł.,1899-12-30T14:45:00.000Z,1899-12-30T05:53:00.000Z,NUIT
712.0,2.0,112.496,0.0178,SNCF Voyageurs SA,FR,SNCF IC Nuit 3755,Paris Austerlitz,Rodez,1899-12-30T19:27:00.000Z,1899-12-30T07:08:00.000Z,NUIT
1168.0,12.8,184.544,0.0694,ÖBB-Personenverkehr AG,AT,ÖBB NJ 40469,Paris Est,Berlin Hbf,1899-12-30T19:12:00.000Z,1899-12-30T08:26:00.000Z,NUIT
820.0,16.5,129.56,0.1274,Trenitalia S.p.A,IT,FS IC Notte 1959 (S),Roma Termini,Siracusa,1899-12-30T23:00:00.000Z,1899-12-30T11:29:00.000Z,NUIT
526.0,12.7,83.108,0.1528,C.F.R. Călători S.A.,RO,CFR 1954,Constanța,Suceava Nord,1899-12-30T23:30:00.000Z,1899-12-30T07:16:00.000Z,NUIT
529.0,4.7,83.582,0.0562,Železničná spoločnosť Slovensko a.s.,SK,ZSSK R 680,Humenné,Bratislava hl.st.,1899-12-30T21:51:00.000Z,1899-12-30T05:33:00.000Z,NUIT
502.0,12.048,79.036,0.1524,БДЖ - Пътнически превози ЕООД,BG,JOUR_BDZ_4720,Sofia,Plovdiv,1899-12-30T07:30:00.000Z,1899-12-30T11:05:00.000Z,JOUR
677.0,6.5,106.966,0.0608,HŽ Putnički prijevoz d.o.o.,HR,HŽPP 1881,Split,Osijek,1899-12-30T22:23:00.000Z,1899-12-30T12:04:00.000Z,NUIT
605.0,12.4,95.59,0.1297,БДЖ - Пътнически превози ЕООД,BG,BDŽ 9646,Silistra,Sofia,1899-12-30T18:20:00.000Z,1899-12-30T05:46:00.000Z,NUIT
1036.0,16.6,163.688,0.1014,Укрзалізниця,UA,UZ 099,Kyiv Pasazhyrskyi,București Nord,1899-12-30T06:30:00.000Z,1899-12-30T06:47:00.000Z,NUIT
606.0,15.5,95.748,0.1619,C.F.R. Călători S.A.,RO,CFR R 4116,Sighetu Marmației,București Nord,1899-12-30T15:52:00.000Z,1899-12-30T07:04:00.000Z,NUIT
876.0,15.4,138.408,0.1113,Укрзалізниця,UA,UZ 029 L,Uzhhorod,Kyiv Pasazhyrskyi,1899-12-30T18:55:00.000Z,1899-12-30T07:09:00.000Z,NUIT
614.0,0.67,97.012,0.0069,SJ AB,SE,SJ 2,Malmö C,Stockholm C,1899-12-30T22:30:00.000Z,1899-12-30T05:50:00.000Z,NUIT
533.0,11.4,84.214,0.1354,БДЖ - Пътнически превози ЕООД,BG,BDŽ 2626,Varna,Sofia,1899-12-30T21:55:00.000Z,1899-12-30T05:46:00.000Z,NUIT
817.0,13.8,129.086,0.1069,Укрзалізниця,UA,UZ 065 Š,Uman,Kharkiv,1899-12-30T17:39:00.000Z,1899-12-30T09:20:00.000Z,NUIT
1503.0,25.6,237.474,0.1078,Укрзалізниця,UA,UZ 013 K,Kyiv Pasazhyrskyi,Solotvyno,1899-12-30T15:58:00.000Z,1899-12-30T10:58:00.000Z,NUIT
405.0,9.8,63.99,0.1531,C.F.R. Călători S.A.,RO,CFR 1668,Iași,București Nord,1899-12-30T22:45:00.000Z,1899-12-30T05:28:00.000Z,NUIT
704.0,0.71,111.232,0.0064,SJ AB,SE,SJ 70 (U),Stockholm C,Umeå C,1899-12-30T22:39:00.000Z,1899-12-30T08:16:00.000Z,NUIT
870.0,21.5,137.46,0.1564,C.F.R. Călători S.A.,RO,CFR IC 472,București Nord,Budapest Keleti,1899-12-30T18:25:00.000Z,1899-12-30T08:50:00.000Z,NUIT
899.0,12.1,142.042,0.0852,VR-Yhtymä Oy,FI,VR IC 273,Helsinki / Helsingfors,Rovaniemi,1899-12-30T23:13:00.000Z,1899-12-30T11:03:00.000Z,NUIT
740.0,20.6,116.92,0.1762,RegioJet a.s.,CZ,RJ 1039,Praha hl.n.,Przemyśl Gł.,1899-12-30T20:56:00.000Z,1899-12-30T07:33:00.000Z,NUIT
1263.0,28.8,199.554,0.1443,TCDD Taşımacılık A.Ş.,TR,TCDD 52013,Kurtalan,Ankara,1899-12-30T09:30:00.000Z,1899-12-30T11:56:00.000Z,NUIT
867.0,21.675,136.941,0.1583,České dráhy a.s.,CZ,JOUR_CD_442,Plzen Hlavni,Praha Hlavni,1899-12-30T14:26:00.000Z,1899-12-30T20:10:00.000Z,JOUR
700.0,12.9,110.6,0.1166,Укрзалізниця,UA,UZ 052 K,Przemyśl Gł.,Kyiv Pasazhyrskyi,1899-12-30T20:28:00.000Z,1899-12-30T07:34:00.000Z,NUIT
435.0,10.44,68.73,0.1519,БДЖ - Пътнически превози ЕООД,BG,JOUR_BDZ_1230,Sofia,Burgas,1899-12-30T07:55:00.000Z,1899-12-30T11:27:00.000Z,JOUR
1073.0,20.6,169.534,0.1215,Укрзалізниця,UA,UZ 150,Chernivtsi,Poltava,1899-12-30T14:32:00.000Z,1899-12-30T09:37:00.000Z,NUIT
1263.0,28.8,199.554,0.1443,TCDD Taşımacılık A.Ş.,TR,TCDD 22014,Ankara,Kurtalan,1899-12-30T11:20:00.000Z,1899-12-30T14:31:00.000Z,NUIT
763.0,17.366,120.554,0.1441,TCDD Taşımacılık A.Ş.,TR,JOUR_TCDD_2090,Istanbul Halkali,Ankara Gari,1899-12-30T08:30:00.000Z,1899-12-30T14:45:00.000Z,JOUR
1847.0,30.4,291.826,0.1042,Merresor AB,DE,ST 305,Malmö C,Innsbruck Hbf,1899-12-30T14:40:00.000Z,1899-12-30T13:00:00.000Z,NUIT
745.0,15.645,118.01,0.1326,Железнице Србије ад,RS,JOUR_ZS_7451,Novi Sad,Beograd Centar,1899-12-30T13:50:00.000Z,1899-12-30T20:13:00.000Z,JOUR
840.0,16.6,132.72,0.1251,Укрзалізниця,UA,UZ 036 L,Przemyśl Gł.,Odesa Holovna,1899-12-30T20:28:00.000Z,1899-12-30T12:55:00.000Z,NUIT
1009.0,20.3,159.422,0.1273,Trenitalia S.p.A,IT,FS IC Notte 798,Salerno,Torino Porta Susa,1899-12-30T20:38:00.000Z,1899-12-30T09:05:00.000Z,NUIT
867.0,17.7,136.986,0.1292,Trenitalia S.p.A,IT,FS IC Notte 1955 (P),Roma Termini,Palermo Centrale,1899-12-30T20:31:00.000Z,1899-12-30T09:24:00.000Z,NUIT
644.0,14.7,101.752,0.1445,Caledonian Sleeper Ltd.,GB,CS 1003 (E),London Euston,Edinburgh Waverley,1899-12-30T23:45:00.000Z,1899-12-30T07:30:00.000Z,NUIT
1238.0,16.9,195.604,0.0864,Укрзалізниця,UA,UZ 042,Truskavets,Dnipro Holovny,1899-12-30T12:55:00.000Z,1899-12-30T09:25:00.000Z,NUIT
556.0,0.18,87.848,0.002,SJ Norge AS,NO,SJN 406,Trondheim,Oslo S,1899-12-30T23:17:00.000Z,1899-12-30T06:50:00.000Z,NUIT
441.0,8.82,69.678,0.1266,Укрзалізниця,UA,JOUR_UZ_8830,Kharkiv Pasazhyrskyi,Kyiv Pasazhyrskyi,1899-12-30T07:50:00.000Z,1899-12-30T12:18:00.000Z,JOUR
447.0,10.728,70.626,0.1519,ÖBB-Personenverkehr AG,AT,JOUR_OBB_592,Wien Hauptbahnhof,Innsbruck Hauptbahnhof,1899-12-30T07:40:00.000Z,1899-12-30T11:28:00.000Z,JOUR
1052.0,1.1,166.216,0.0066,SJ AB,SE,SJ Nattåg 94 (L),Stockholm C,Luleå C,1899-12-30T18:08:00.000Z,1899-12-30T06:44:00.000Z,NUIT
444.0,9.1,70.152,0.1297,БДЖ - Пътнически превози ЕООД,BG,BDŽ 8627,Sofia,Burgas,1899-12-30T22:25:00.000Z,1899-12-30T05:50:00.000Z,NUIT
564.0,11.2,89.112,0.1257,Укрзалізниця,UA,UZ 092,Lviv,Kyiv Pasazhyrskyi,1899-12-30T23:05:00.000Z,1899-12-30T06:19:00.000Z,NUIT
611.0,15.275,96.502,0.1583,České dráhy a.s.,CZ,JOUR_CD_9120,Praha Hlavni,Ostrava Hlavni,1899-12-30T08:05:00.000Z,1899-12-30T13:15:00.000Z,JOUR
811.0,18.0,128.138,0.1405,TCDD Taşımacılık A.Ş.,TR,TCDD 32005,İzmir Basmane,Ankara,1899-12-30T19:05:00.000Z,1899-12-30T08:33:00.000Z,NUIT
673.0,12.787,106.334,0.1203,VR-Yhtymä Oy,FI,JOUR_VR_6671,Oulu,Helsinki,1899-12-30T13:25:00.000Z,1899-12-30T19:00:00.000Z,JOUR
754.0,9.4,119.132,0.0789,Укрзалізниця,UA,UZ 052 Š/054,Odesa Holovna,Dnipro Holovny,1899-12-30T21:10:00.000Z,1899-12-30T11:03:00.000Z,NUIT
856.0,27.1,135.248,0.2004,PKP Intercity S.A.,PL,PKP/ČD EC 460,Praha hl.n.,Gdynia Gł.,1899-12-30T18:51:00.000Z,1899-12-30T05:20:00.000Z,NUIT
491.0,15.512,77.578,0.2,RegioJet a.s.,CZ,JOUR_RJ_7730,Praha Hlavni,Viden Hlavni,1899-12-30T09:00:00.000Z,1899-12-30T13:35:00.000Z,JOUR
540.0,11.6,85.32,0.136,Укрзалізниця,UA,UZ 023,Kyiv Pasazhyrskyi,Chelm,1899-12-30T22:40:00.000Z,1899-12-30T11:05:00.000Z,NUIT
424.0,11.6,66.992,0.1732,HŽ Putnički prijevoz d.o.o.,HR,HŽPP 1820,Split,Zagreb Gl. K.,1899-12-30T21:11:00.000Z,1899-12-30T05:49:00.000Z,NUIT
839.0,15.102,132.622,0.1139,First Greater Western Ltd.,GB,JOUR_GWR_117,London Paddington,Edinburgh Waverley,1899-12-30T07:30:00.000Z,1899-12-30T14:22:00.000Z,JOUR
820.0,16.5,129.56,0.1274,Trenitalia S.p.A,IT,FS IC Notte 1956,Siracusa,Roma Termini,1899-12-30T19:10:00.000Z,1899-12-30T07:18:00.000Z,NUIT
1261.0,28.7,199.238,0.144,TCDD Taşımacılık A.Ş.,TR,TCDD 52011,Tatvan,Ankara,1899-12-30T10:30:00.000Z,1899-12-30T11:56:00.000Z,NUIT
513.0,2.565,81.054,0.0316,SNCF Voyageurs SA,FR,JOUR_SNCF_9882,Paris Gare de Lyon,Marseille Saint-Charles,1899-12-30T07:03:00.000Z,1899-12-30T10:05:00.000Z,JOUR
799.0,17.7,126.242,0.1402,TCDD Taşımacılık A.Ş.,TR,TCDD/BDŽ/CFR 12503/460,İstanbul Halkalı,București Nord,1899-12-30T20:00:00.000Z,1899-12-30T17:08:00.000Z,NUIT
1147.0,23.0,181.226,0.1269,Trenitalia S.p.A,IT,FS IC Notte 754,Lecce,Torino Lingotto,1899-12-30T20:25:00.000Z,1899-12-30T09:15:00.000Z,NUIT
447.0,10.728,70.626,0.1519,ÖBB-Personenverkehr AG,AT,JOUR_OBB_593,Innsbruck Hauptbahnhof,Wien Hauptbahnhof,1899-12-30T14:12:00.000Z,1899-12-30T18:00:00.000Z,JOUR
763.0,17.366,120.554,0.1441,TCDD Taşımacılık A.Ş.,TR,JOUR_TCDD_2091,Ankara Gari,Istanbul Halkali,1899-12-30T14:00:00.000Z,1899-12-30T20:15:00.000Z,JOUR
856.0,27.1,135.248,0.2004,PKP Intercity S.A.,PL,PKP/ČD EC 461,Gdynia Gł.,Praha hl.n.,1899-12-30T23:13:00.000Z,1899-12-30T09:06:00.000Z,NUIT
723.0,15.183,114.234,0.1329,Железнице Србије ад,RS,JOUR_ZS_176,Nis,Beograd Centar,1899-12-30T14:10:00.000Z,1899-12-30T19:53:00.000Z,JOUR
1045.0,16.72,165.11,0.1013,HŽ Putnički prijevoz d.o.o.,HR,JOUR_HZ_334,Dubrovnik,Zagreb,1899-12-30T08:05:00.000Z,1899-12-30T16:25:00.000Z,JOUR
1484.0,25.4,234.472,0.1083,Укрзалізниця,UA,UZ 004,Zaporizhzhia 1,Uzhhorod,1899-12-30T17:53:00.000Z,1899-12-30T14:27:00.000Z,NUIT
389.0,9.336,61.462,0.1519,ÖBB-Personenverkehr AG,AT,JOUR_OBB_1040,Wien Hauptbahnhof,Salzburg Hauptbahnhof,1899-12-30T08:05:00.000Z,1899-12-30T10:53:00.000Z,JOUR
654.0,15.696,103.332,0.1519,ÖBB-Personenverkehr AG,AT,JOUR_OBB_88,Wien Hauptbahnhof,Zurich HB,1899-12-30T14:18:00.000Z,1899-12-30T19:29:00.000Z,JOUR
1055.0,5.275,166.69,0.0316,SNCF Voyageurs SA,FR,JOUR_SNCF_6201,Paris Gare de Lyon,Barcelona Sants,1899-12-30T09:53:00.000Z,1899-12-30T17:08:00.000Z,JOUR
425.0,9.0,67.15,0.134,БДЖ - Пътнически превози ЕООД,BG,BDŽ 3686,Burgas,Sofia,1899-12-30T22:50:00.000Z,1899-12-30T05:13:00.000Z,NUIT
712.0,2.0,112.496,0.0178,SNCF Voyageurs SA,FR,SNCF IC Nuit 3754,Rodez,Paris Austerlitz,1899-12-30T22:19:00.000Z,1899-12-30T08:32:00.000Z,NUIT
725.0,0.23,114.55,0.002,SJ Norge AS,NO,SJN 476,Bodø,Trondheim,1899-12-30T21:09:00.000Z,1899-12-30T07:15:00.000Z,NUIT
634.0,1.902,100.172,0.019,SJ AB,SE,JOUR_SJ_2541,Malmo C,Stockholm C,1899-12-30T13:11:00.000Z,1899-12-30T18:38:00.000Z,JOUR
820.0,16.5,129.56,0.1274,Trenitalia S.p.A,IT,FS IC Notte 1960,Siracusa,Roma Termini,1899-12-30T21:45:00.000Z,1899-12-30T09:51:00.000Z,NUIT
604.0,14.0,95.432,0.1467,Astra Trans Carpatic SRL,RO,ATC IR 11500,Arad,București Nord,1899-12-30T19:05:00.000Z,1899-12-30T07:29:00.000Z,NUIT
1456.0,1.4,230.048,0.0061,SJ AB,SE,SJ Nattåg 94 (N),Stockholm C,Narvik,1899-12-30T18:08:00.000Z,1899-12-30T12:40:00.000Z,NUIT
1339.0,30.5,211.562,0.1442,TCDD Taşımacılık A.Ş.,TR,TCDD 42009,Kars,Ankara,1899-12-30T08:00:00.000Z,1899-12-30T09:39:00.000Z,NUIT
1380.0,29.3,218.04,0.1344,Trenitalia S.p.A,IT,FS IC Notte 1963,Milano Centrale,Siracusa,1899-12-30T20:10:00.000Z,1899-12-30T15:48:00.000Z,NUIT
425.0,9.0,67.15,0.134,БДЖ - Пътнически превози ЕООД,BG,BDŽ 3687,Sofia,Burgas,1899-12-30T23:40:00.000Z,1899-12-30T05:55:00.000Z,NUIT
863.0,20.712,136.354,0.1519,БДЖ - Пътнически превози ЕООД,BG,JOUR_BDZ_661,Sofia,Varna,1899-12-30T08:15:00.000Z,1899-12-30T15:06:00.000Z,JOUR
669.0,16.2,105.702,0.1533,TCDD Taşımacılık A.Ş.,TR,TCDD 72008,Konya,İzmir Basmane,1899-12-30T19:00:00.000Z,1899-12-30T07:37:00.000Z,NUIT
602.0,3.9,95.116,0.041,SNCF Voyageurs SA,FR,SNCF IC Nuit 3790,Aurillac,Paris Austerlitz,1899-12-30T22:41:00.000Z,1899-12-30T09:32:00.000Z,NUIT
451.0,9.9,71.258,0.1389,C.F.R. Călători S.A.,RO,CFR R-E 4007/1642,Bistrița Nord,București Nord,1899-12-30T21:25:00.000Z,1899-12-30T06:20:00.000Z,NUIT
903.0,5.3,142.674,0.0371,HŽ Putnički prijevoz d.o.o.,HR,HŽPP/ÖBB EN 40414,Zagreb Gl. K.,Zürich HB,1899-12-30T19:38:00.000Z,1899-12-30T09:20:00.000Z,NUIT
877.0,18.1,138.566,0.1306,Caledonian Sleeper Ltd.,GB,CS 1001 (A),London Euston,Aberdeen,1899-12-30T21:15:00.000Z,1899-12-30T07:40:00.000Z,NUIT
717.0,11.472,113.306,0.1012,HŽ Putnički prijevoz d.o.o.,HR,JOUR_HZ_5560,Zagreb,Split,1899-12-30T08:00:00.000Z,1899-12-30T13:43:00.000Z,JOUR
561.0,10.659,88.658,0.1202,Caledonian Sleeper Ltd.,GB,JOUR_CS_5021,Inverness,London Euston,1899-12-30T13:15:00.000Z,1899-12-30T17:58:00.000Z,JOUR
1197.0,22.9,189.126,0.1211,Укрзалізниця,UA,UZ 001 L,Ivano-Frankivsk,Kharkiv,1899-12-30T19:53:00.000Z,1899-12-30T12:33:00.000Z,NUIT
631.0,12.5,99.698,0.1254,Trenitalia S.p.A,IT,FS IC Notte 763,Bolzano / Bozen,Roma Termini,1899-12-30T21:30:00.000Z,1899-12-30T06:06:00.000Z,NUIT
711.0,15.3,112.338,0.1362,Trenitalia S.p.A,IT,FS IC Notte 770,Trieste Centrale,Roma Termini,1899-12-30T19:11:00.000Z,1899-12-30T06:35:00.000Z,NUIT
502.0,12.048,79.036,0.1524,БДЖ - Пътнически превози ЕООД,BG,JOUR_BDZ_4721,Plovdiv,Sofia,1899-12-30T14:45:00.000Z,1899-12-30T18:20:00.000Z,JOUR
669.0,16.2,105.702,0.1533,TCDD Taşımacılık A.Ş.,TR,TCDD 32007,İzmir Basmane,Konya,1899-12-30T20:05:00.000Z,1899-12-30T09:01:00.000Z,NUIT
1221.0,21.9,192.918,0.1135,Укрзалізниця,UA,UZ 181 L,Ivano-Frankivsk,Dnipro Holovny,1899-12-30T12:43:00.000Z,1899-12-30T09:25:00.000Z,NUIT
621.0,3.105,98.118,0.0316,SNCF Voyageurs SA,FR,JOUR_SNCF_9791,Bordeaux Saint-Jean,Paris Montparnasse,1899-12-30T14:05:00.000Z,1899-12-30T18:12:00.000Z,JOUR
803.0,13.1,126.874,0.1033,C.F.R. Călători S.A.,RO,CFR/MÁV IC 406,Brașov,Budapest Keleti,1899-12-30T18:51:00.000Z,1899-12-30T09:55:00.000Z,NUIT
1314.0,1.5,207.612,0.0072,Merresor AB,DE,ST 3920,Malmö C,Storlien,1899-12-30T16:35:00.000Z,1899-12-30T08:55:00.000Z,NUIT
578.0,19.074,91.244,0.209,PKP Intercity S.A.,PL,JOUR_PKP_1102,Warszawa Centralna,Gdansk Glowny,1899-12-30T08:20:00.000Z,1899-12-30T11:48:00.000Z,JOUR
1147.0,23.0,181.226,0.1269,Trenitalia S.p.A,IT,FS IC Notte 757,Torino Lingotto,Lecce,1899-12-30T20:58:00.000Z,1899-12-30T10:10:00.000Z,NUIT
489.0,10.0,77.262,0.1294,First Greater Western Ltd.,GB,GWR Sleeper (Penzance),London Paddington,Penzance,1899-12-30T23:45:00.000Z,1899-12-30T07:50:00.000Z,NUIT
1011.0,18.0,159.738,0.1127,ÖBB-Personenverkehr AG,AT,ÖBB NJ 470,Zürich HB,Hamburg Altona,1899-12-30T20:59:00.000Z,1899-12-30T08:09:00.000Z,NUIT
608.0,10.5,96.064,0.1093,České dráhy a.s.,CZ,ČD EN 40457,Praha hl.n.,Budapest Nyugati,1899-12-30T22:03:00.000Z,1899-12-30T08:29:00.000Z,NUIT
523.0,14.644,82.516,0.1775,TCDD Taşımacılık A.Ş.,TR,JOUR_TCDD_4411,Izmir Basmane,Ankara Gari,1899-12-30T15:00:00.000Z,1899-12-30T19:16:00.000Z,JOUR
1032.0,20.8,163.056,0.1276,Trenitalia S.p.A,IT,FS IC Notte 752,Lecce,Milano Centrale,1899-12-30T19:50:00.000Z,1899-12-30T07:12:00.000Z,NUIT
456.0,15.048,72.048,0.2089,PKP Intercity S.A.,PL,JOUR_PKP_3821,Krakow Glowny,Warszawa Centralna,1899-12-30T15:05:00.000Z,1899-12-30T18:25:00.000Z,JOUR
737.0,14.1,116.446,0.1211,Укрзалізниця,UA,UZ 012 Š,Odesa Holovna,Lviv,1899-12-30T19:46:00.000Z,1899-12-30T06:18:00.000Z,NUIT
1380.0,29.3,218.04,0.1344,Trenitalia S.p.A,IT,FS IC Notte 1962,Siracusa,Milano Centrale,1899-12-30T13:35:00.000Z,1899-12-30T10:10:00.000Z,NUIT
867.0,17.7,136.986,0.1292,Trenitalia S.p.A,IT,FS IC Notte 1958,Palermo Centrale,Roma Termini,1899-12-30T21:10:00.000Z,1899-12-30T09:51:00.000Z,NUIT
867.0,16.658839,136.986,0.1216,Укрзалізниця,UA,UZ 067,Kyiv Pasazhyrskyi,Warszawa Wschodnia,1899-12-30T20:21:00.000Z,1899-12-30T10:11:00.000Z,NUIT
1238.0,16.9,195.604,0.0864,Укрзалізниця,UA,UZ 041,Dnipro Holovny,Truskavets,1899-12-30T14:35:00.000Z,1899-12-30T11:13:00.000Z,NUIT
922.0,15.4,145.676,0.1057,Укрзалізниця,UA,UZ 081 L,Uzhhorod,Kyiv Pasazhyrskyi,1899-12-30T16:17:00.000Z,1899-12-30T08:32:00.000Z,NUIT
652.0,0.75,103.016,0.0073,SJ AB,SE,SJ 70 (D),Stockholm C,Duved,1899-12-30T22:39:00.000Z,1899-12-30T09:17:00.000Z,NUIT
1144.0,16.2,180.752,0.0896,European Sleeper Cooperatïe,NL,ES 455,Milano Centrale,Amsterdam Centraal,,,NUIT
488.0,7.7,77.104,0.0999,Укрзалізниця,UA,UZ 075,Kyiv Pasazhyrskyi,Kryvyi Rih,1899-12-30T20:13:00.000Z,1899-12-30T05:57:00.000Z,NUIT
845.0,23.66,133.51,0.1772,TCDD Taşımacılık A.Ş.,TR,JOUR_TCDD_371,Istanbul Halkali,Konya,1899-12-30T07:45:00.000Z,1899-12-30T14:08:00.000Z,JOUR
711.0,17.1,112.338,0.1522,C.F.R. Călători S.A.,RO,CFR 1744/79,Oradea,București Nord,1899-12-30T18:04:00.000Z,1899-12-30T08:42:00.000Z,NUIT
567.0,12.0,89.586,0.1339,TCDD Taşımacılık A.Ş.,TR,TCDD 22001,Ankara,İstanbul Halkalı,1899-12-30T22:00:00.000Z,1899-12-30T06:19:00.000Z,NUIT
1185.0,24.7,187.23,0.1319,PKP Intercity S.A.,PL,PKP/ČD EN 40417,Przemyśl Gł.,München Hbf,1899-12-30T17:51:00.000Z,1899-12-30T10:24:00.000Z,NUIT
1112.0,16.0,175.696,0.0911,ÖBB-Personenverkehr AG,AT,ÖBB NJ 40233,Wien Hbf,Roma Tiburtina,1899-12-30T19:18:00.000Z,1899-12-30T10:05:00.000Z,NUIT
539.0,11.0,85.162,0.1292,БДЖ - Пътнически превози ЕООД,BG,BDŽ 8657,Sofia,Varna,1899-12-30T20:55:00.000Z,1899-12-30T06:00:00.000Z,NUIT
698.0,13.98,110.254,0.1268,Укрзалізниця,UA,JOUR_UZ_1721,Lviv,Kyiv Pasazhyrskyi,1899-12-30T14:20:00.000Z,1899-12-30T20:03:00.000Z,JOUR
412.0,10.3,65.096,0.1582,Trenitalia S.p.A,IT,JOUR_FS_5470,Roma Termini,Torino Porta Nuova,1899-12-30T16:10:00.000Z,1899-12-30T20:02:00.000Z,JOUR
1456.0,1.4,230.048,0.0061,SJ AB,SE,SJ Nattåg 93 (N),Narvik,Stockholm C,1899-12-30T15:11:00.000Z,1899-12-30T10:09:00.000Z,NUIT
934.0,20.548,147.572,0.1392,C.F.R. Călători S.A.,RO,JOUR_CFR_213,Bucuresti Nord,Cluj-Napoca,1899-12-30T07:15:00.000Z,1899-12-30T13:38:00.000Z,JOUR
513.0,2.565,81.054,0.0316,SNCF Voyageurs SA,FR,JOUR_SNCF_9883,Marseille Saint-Charles,Paris Gare de Lyon,1899-12-30T15:20:00.000Z,1899-12-30T18:22:00.000Z,JOUR
745.0,12.6,117.71,0.107,Železničná spoločnosť Slovensko a.s.,SK,ZSSK EN 442,Humenné,Praha hl.n.,1899-12-30T19:31:00.000Z,1899-12-30T07:46:00.000Z,NUIT
1477.0,25.8,233.366,0.1106,Укрзалізниця,UA,UZ/ÖBB 40149,Wien Hbf,Kyiv Pasazhyrskyi,1899-12-30T16:42:00.000Z,1899-12-30T18:36:00.000Z,NUIT
526.0,12.7,83.108,0.1528,C.F.R. Călători S.A.,RO,CFR 1952,Suceava Nord,Constanța,1899-12-30T20:25:00.000Z,1899-12-30T03:59:00.000Z,NUIT
758.0,14.8,119.764,0.1236,C.F.R. Călători S.A.,RO,CFR 1642 (SM),Satu Mare,București Nord,1899-12-30T16:20:00.000Z,1899-12-30T06:20:00.000Z,NUIT
534.0,18.69,84.372,0.2215,MÁV-START Vasúti Személyszállító Zrt.,HU,JOUR_MAV_2651,Miskolc,Budapest Keleti,1899-12-30T13:52:00.000Z,1899-12-30T18:15:00.000Z,JOUR
1029.0,18.5,162.582,0.1138,Укрзалізниця,UA,UZ 037,Uzhhorod,Odesa Holovna,1899-12-30T19:27:00.000Z,1899-12-30T12:55:00.000Z,NUIT
556.0,0.18,87.848,0.002,SJ Norge AS,NO,SJN 405,Oslo S,Trondheim,1899-12-30T22:50:00.000Z,1899-12-30T06:24:00.000Z,NUIT
723.0,15.183,114.234,0.1329,Железнице Србије ад,RS,JOUR_ZS_175,Beograd Centar,Nis,1899-12-30T07:35:00.000Z,1899-12-30T13:18:00.000Z,JOUR
1481.0,16.1,233.998,0.0688,Merresor AB,DE,ST 301,Berlin Hbf,Stockholm C,1899-12-30T21:10:00.000Z,1899-12-30T13:20:00.000Z,NUIT
1427.0,30.5,225.466,0.1353,Trenitalia S.p.A,IT,FS IC Notte 1964,Palermo Centrale,Milano Centrale,1899-12-30T12:58:00.000Z,1899-12-30T10:10:00.000Z,NUIT
614.0,0.67,97.012,0.0069,SJ AB,SE,SJ 1,Stockholm C,Malmö C,1899-12-30T23:10:00.000Z,1899-12-30T06:59:00.000Z,NUIT
1092.0,22.1,172.536,0.1281,Trenitalia S.p.A,IT,FS IC Notte 765,Milano Centrale,Bari Centrale,1899-12-30T21:15:00.000Z,1899-12-30T07:00:00.000Z,NUIT
845.0,23.66,133.51,0.1772,TCDD Taşımacılık A.Ş.,TR,JOUR_TCDD_372,Konya,Istanbul Halkali,1899-12-30T13:20:00.000Z,1899-12-30T19:43:00.000Z,JOUR
983.0,13.8,155.314,0.0889,VR-Yhtymä Oy,FI,VR IC 274,Kemijärvi,Helsinki / Helsingfors,1899-12-30T19:15:00.000Z,1899-12-30T09:15:00.000Z,NUIT
1209.0,19.3,191.022,0.101,Укрзалізниця,UA,UZ 086 L,Lviv,Zaporizhzhia 1,1899-12-30T10:48:00.000Z,1899-12-30T06:30:00.000Z,NUIT
917.0,15.2,144.886,0.1049,Укрзалізниця,UA,UZ 060 L,Chop,Kyiv Pasazhyrskyi,1899-12-30T14:30:00.000Z,1899-12-30T07:47:00.000Z,NUIT
1171.0,22.5,185.018,0.1216,Укрзалізниця,UA,UZ 009,Kyiv Pasazhyrskyi,Budapest Keleti,1899-12-30T10:16:00.000Z,1899-12-30T06:00:00.000Z,NUIT
874.0,4.37,138.092,0.0316,SNCF Voyageurs SA,FR,JOUR_SNCF_9711,Amsterdam Centraal,Paris Nord,1899-12-30T13:56:00.000Z,1899-12-30T19:42:00.000Z,JOUR
796.0,2.4,125.768,0.0191,SNCF Voyageurs SA,FR,SNCF IC Nuit 5787,Paris Austerlitz,Briançon,1899-12-30T20:51:00.000Z,1899-12-30T08:21:00.000Z,NUIT
621.0,3.105,98.118,0.0316,SNCF Voyageurs SA,FR,JOUR_SNCF_9790,Paris Montparnasse,Bordeaux Saint-Jean,1899-12-30T08:10:00.000Z,1899-12-30T12:17:00.000Z,JOUR
1847.0,30.4,291.826,0.1042,Merresor AB,DE,ST 304,Innsbruck Hbf,Malmö C,1899-12-30T18:00:00.000Z,1899-12-30T16:21:00.000Z,NUIT
435.0,10.44,68.73,0.1519,БДЖ - Пътнически превози ЕООД,BG,JOUR_BDZ_1231,Burgas,Sofia,1899-12-30T15:10:00.000Z,1899-12-30T18:42:00.000Z,JOUR
703.0,24.3,111.074,0.2188,PKP Intercity S.A.,PL,PKP TLK 53190,Łeba,Kraków Gł.,1899-12-30T21:20:00.000Z,1899-12-30T09:00:00.000Z,NUIT
459.0,9.5,72.522,0.131,C.F.R. Călători S.A.,RO,CFR 1838,Cluj-Napoca,Iași,1899-12-30T20:30:00.000Z,1899-12-30T05:10:00.000Z,NUIT
711.0,15.3,112.338,0.1362,Trenitalia S.p.A,IT,FS IC Notte 774,Roma Termini,Trieste Centrale,1899-12-30T22:35:00.000Z,1899-12-30T09:55:00.000Z,NUIT
647.0,12.7,102.226,0.1242,Trenitalia S.p.A,IT,FS IC Notte 789,Roma Termini,Lecce,1899-12-30T23:58:00.000Z,1899-12-30T08:10:00.000Z,NUIT
448.0,9.856,70.784,0.1392,Calea Ferată din Moldova,MD,JOUR_CFM_3371,Balti,Chisinau,1899-12-30T14:30:00.000Z,1899-12-30T17:59:00.000Z,JOUR
776.0,2.328,122.608,0.019,SJ AB,SE,JOUR_SJ_99,Stockholm C,Gothenburg C,1899-12-30T07:00:00.000Z,1899-12-30T10:03:00.000Z,JOUR
952.0,2.7,150.416,0.018,SNCF Voyageurs SA,FR,SNCF IC Nuit 5737,Paris Austerlitz,Cerbère,1899-12-30T20:10:00.000Z,1899-12-30T09:16:00.000Z,NUIT
712.0,17.088,112.496,0.1519,ÖBB-Personenverkehr AG,AT,JOUR_OBB_164,Venezia Santa Lucia,Wien Hauptbahnhof,1899-12-30T11:05:00.000Z,1899-12-30T16:37:00.000Z,JOUR
1139.0,24.0,179.962,0.1334,PKP Intercity S.A.,PL,PKP/ČD EN 407,Warszawa Wschodnia,München Hbf,1899-12-30T19:41:00.000Z,1899-12-30T10:24:00.000Z,NUIT
513.0,11.0,81.054,0.1357,БДЖ - Пътнически превози ЕООД,BG,BDŽ 3637,Sofia,Varna,1899-12-30T23:05:00.000Z,1899-12-30T07:16:00.000Z,NUIT
658.0,10.8,103.964,0.1039,Укрзалізниця,UA,UZ 038 K,Kyiv Pasazhyrskyi,Zaporizhzhia 1,1899-12-30T22:17:00.000Z,1899-12-30T07:34:00.000Z,NUIT
931.0,7.2,147.098,0.0489,Železničná spoločnosť Slovensko a.s.,SK,ZSSK EN 1152,Split,Bratislava Nové Mesto,1899-12-30T17:29:00.000Z,1899-12-30T11:00:00.000Z,NUIT
1221.0,21.9,192.918,0.1135,Укрзалізниця,UA,UZ 181 P,Dnipro Holovny,Ivano-Frankivsk,1899-12-30T14:35:00.000Z,1899-12-30T11:22:00.000Z,NUIT
542.0,18.97,85.848,0.221,MÁV-START Vasúti Személyszállító Zrt.,HU,JOUR_MAV_1851,Pecs,Budapest Keleti,1899-12-30T15:05:00.000Z,1899-12-30T19:40:00.000Z,JOUR
528.0,13.2,83.424,0.1582,Trenitalia S.p.A,IT,JOUR_FS_2271,Milano Centrale,Roma Termini,1899-12-30T14:00:00.000Z,1899-12-30T17:30:00.000Z,JOUR
529.0,16.0,83.582,0.1914,Укрзалізниця,UA,UZ 098,Kovel,Kyiv Pasazhyrskyi,1899-12-30T19:05:00.000Z,1899-12-30T06:04:00.000Z,NUIT
899.0,11.3,142.042,0.0796,VR-Yhtymä Oy,FI,VR IC 933,Turku / Åbo,Rovaniemi,1899-12-30T21:08:00.000Z,1899-12-30T11:03:00.000Z,NUIT
820.0,16.5,129.56,0.1274,Trenitalia S.p.A,IT,FS IC Notte 1955 (S),Roma Termini,Siracusa,1899-12-30T20:31:00.000Z,1899-12-30T09:01:00.000Z,NUIT
983.0,13.8,155.314,0.0889,VR-Yhtymä Oy,FI,VR IC 265,Helsinki / Helsingfors,Kemijärvi,1899-12-30T19:29:00.000Z,1899-12-30T08:50:00.000Z,NUIT
1127.0,22.54,178.066,0.1266,Укрзалізниця,UA,JOUR_UZ_502,Odesa Holovna,Kyiv Pasazhyrskyi,1899-12-30T08:10:00.000Z,1899-12-30T16:58:00.000Z,JOUR
542.0,18.97,85.848,0.221,MÁV-START Vasúti Személyszállító Zrt.,HU,JOUR_MAV_1850,Budapest Keleti,Pecs,1899-12-30T08:20:00.000Z,1899-12-30T12:55:00.000Z,JOUR
1197.0,22.9,189.126,0.1211,Укрзалізниця,UA,UZ 001 D,Kharkiv,Ivano-Frankivsk,1899-12-30T18:55:00.000Z,1899-12-30T11:28:00.000Z,NUIT
584.0,13.5,92.272,0.1463,Calea Ferată din Moldova,MD,CFM/CFR 402,București Nord,Chişinău,1899-12-30T19:10:00.000Z,1899-12-30T08:44:00.000Z,NUIT
849.0,18.0,134.142,0.1342,C.F.R. Călători S.A.,RO,CFR 1765,Timişoara Nord,Iași,1899-12-30T14:51:00.000Z,1899-12-30T08:13:00.000Z,NUIT
956.0,17.6,151.048,0.1165,Укрзалізниця,UA,UZ 043 L,Ivano-Frankivsk,Cherkasy,1899-12-30T20:04:00.000Z,1899-12-30T13:11:00.000Z,NUIT
1011.0,18.0,159.738,0.1127,ÖBB-Personenverkehr AG,AT,ÖBB NJ 471,Hamburg Altona,Zürich HB,1899-12-30T21:52:00.000Z,1899-12-30T10:05:00.000Z,NUIT
700.0,6.5,110.6,0.0588,HŽ Putnički prijevoz d.o.o.,HR,HŽPP 1841,Split,Vukovar,1899-12-30T21:11:00.000Z,1899-12-30T11:11:00.000Z,NUIT
424.0,11.6,66.992,0.1732,HŽ Putnički prijevoz d.o.o.,HR,HŽPP 1821,Zagreb Gl. K.,Split,1899-12-30T22:30:00.000Z,1899-12-30T07:01:00.000Z,NUIT
653.0,10.1,103.174,0.0979,Укрзалізниця,UA,UZ 106,Odesa Holovna,Kyiv Pasazhyrskyi,1899-12-30T21:30:00.000Z,1899-12-30T06:45:00.000Z,NUIT
491.0,15.512,77.578,0.2,RegioJet a.s.,CZ,JOUR_RJ_7731,Viden Hlavni,Praha Hlavni,1899-12-30T14:05:00.000Z,1899-12-30T18:40:00.000Z,JOUR
1157.0,24.7,182.806,0.1351,C.F.R. Călători S.A.,RO,CFR/MÁV/ÖBB D 347,Wien Hbf,București Nord,1899-12-30T19:42:00.000Z,1899-12-30T15:06:00.000Z,NUIT
915.0,18.8,144.57,0.13,České dráhy a.s.,CZ,ČD EC 458,Praha hl.n.,Zürich HB,1899-12-30T18:28:00.000Z,1899-12-30T08:30:00.000Z,NUIT
1036.0,16.6,163.688,0.1014,Укрзалізниця,UA,UZ 100,București Nord,Kyiv Pasazhyrskyi,1899-12-30T19:10:00.000Z,1899-12-30T19:37:00.000Z,NUIT
1077.0,19.2,170.166,0.1128,Укрзалізниця,UA,UZ 079,Dnipro Holovny,Lviv,1899-12-30T22:09:00.000Z,1899-12-30T12:59:00.000Z,NUIT
758.0,14.8,119.764,0.1236,C.F.R. Călători S.A.,RO,CFR 1641 (SM),București Nord,Satu Mare,1899-12-30T21:01:00.000Z,1899-12-30T10:39:00.000Z,NUIT
899.0,11.3,142.042,0.0796,VR-Yhtymä Oy,FI,VR IC 266 (T),Rovaniemi,Turku / Åbo,1899-12-30T17:52:00.000Z,1899-12-30T07:33:00.000Z,NUIT
754.0,9.4,119.132,0.0789,Укрзалізниця,UA,UZ 052 P/053,Dnipro Holovny,Odesa Holovna,1899-12-30T18:30:00.000Z,1899-12-30T08:00:00.000Z,NUIT
858.0,18.2,135.564,0.1343,C.F.R. Călători S.A.,RO,CFR/MÁV IRN / IC 78,București Nord,Budapest Keleti,1899-12-30T21:00:00.000Z,1899-12-30T12:50:00.000Z,NUIT
891.0,29.403,140.798,0.2088,PKP Intercity S.A.,PL,JOUR_PKP_46,Wien Hauptbahnhof,Warszawa Centralna,1899-12-30T14:44:00.000Z,1899-12-30T21:50:00.000Z,JOUR
867.0,17.7,136.986,0.1292,Trenitalia S.p.A,IT,FS IC Notte 1959 (P),Roma Termini,Palermo Centrale,1899-12-30T23:00:00.000Z,1899-12-30T11:57:00.000Z,NUIT
1110.0,17.9,175.38,0.1021,Укрзалізниця,UA,UZ 088 P,Zaporizhzhia 1,Kovel,1899-12-30T16:30:00.000Z,1899-12-30T13:40:00.000Z,NUIT
714.0,2.2,112.812,0.0195,SNCF Voyageurs SA,FR,SNCF IC Nuit 3750,Toulouse Matabiau,Paris Austerlitz,1899-12-30T19:44:00.000Z,1899-12-30T07:03:00.000Z,NUIT
743.0,18.575,117.394,0.1582,Trenitalia S.p.A,IT,JOUR_FS_511,Napoli Centrale,Milano Centrale,1899-12-30T13:05:00.000Z,1899-12-30T18:36:00.000Z,JOUR
606.0,13.0,95.748,0.1358,C.F.R. Călători S.A.,RO,CFR 1653,București Nord,Vatra Dornei Băi,1899-12-30T22:35:00.000Z,1899-12-30T07:34:00.000Z,NUIT
698.0,13.98,110.254,0.1268,Укрзалізниця,UA,JOUR_UZ_1720,Kyiv Pasazhyrskyi,Lviv,1899-12-30T07:05:00.000Z,1899-12-30T12:48:00.000Z,JOUR
389.0,9.336,61.462,0.1519,ÖBB-Personenverkehr AG,AT,JOUR_OBB_1041,Salzburg Hauptbahnhof,Wien Hauptbahnhof,1899-12-30T15:30:00.000Z,1899-12-30T18:18:00.000Z,JOUR
792.0,2.2,125.136,0.0176,SNCF Voyageurs SA,FR,SNCF IC Nuit 3755 (Sun),Paris Austerlitz,Albi Ville,1899-12-30T19:27:00.000Z,1899-12-30T09:02:00.000Z,NUIT
604.0,14.0,95.432,0.1467,C.F.R. Călători S.A.,RO,CFR 1821,București Nord,Arad,1899-12-30T23:28:00.000Z,1899-12-30T11:24:00.000Z,NUIT
703.0,24.3,111.074,0.2188,PKP Intercity S.A.,PL,PKP TLK 35190,Kraków Gł.,Łeba,1899-12-30T18:35:00.000Z,1899-12-30T06:39:00.000Z,NUIT
487.0,10.714,76.916,0.1393,C.F.R. Călători S.A.,RO,JOUR_CFR_7211,Timisoara Nord,Bucuresti Nord,1899-12-30T14:15:00.000Z,1899-12-30T17:57:00.000Z,JOUR
1045.0,16.72,165.11,0.1013,HŽ Putnički prijevoz d.o.o.,HR,JOUR_HZ_333,Zagreb,Dubrovnik,1899-12-30T07:10:00.000Z,1899-12-30T15:30:00.000Z,JOUR
745.0,15.645,118.01,0.1326,Железнице Србије ад,RS,JOUR_ZS_7450,Beograd Centar,Novi Sad,1899-12-30T07:20:00.000Z,1899-12-30T13:43:00.000Z,JOUR
899.0,12.1,142.042,0.0852,VR-Yhtymä Oy,FI,VR IC 266 (H),Rovaniemi,Helsinki / Helsingfors,1899-12-30T17:52:00.000Z,1899-12-30T06:27:00.000Z,NUIT
1029.0,18.5,162.582,0.1138,Укрзалізниця,UA,UZ 038 O/Š,Odesa Holovna,Uzhhorod,1899-12-30T14:45:00.000Z,1899-12-30T08:55:00.000Z,NUIT
444.0,9.1,70.152,0.1297,БДЖ - Пътнически превози ЕООД,BG,BDŽ 8626,Burgas,Sofia,1899-12-30T21:45:00.000Z,1899-12-30T05:20:00.000Z,NUIT
606.0,15.5,95.748,0.1619,C.F.R. Călători S.A.,RO,CFR 1641/R 4112,București Nord,Sighetu Marmației,1899-12-30T21:01:00.000Z,1899-12-30T10:00:00.000Z,NUIT
917.0,15.2,144.886,0.1049,Укрзалізниця,UA,UZ 059 K,Kyiv Pasazhyrskyi,Chop,1899-12-30T20:37:00.000Z,1899-12-30T12:59:00.000Z,NUIT
995.0,17.0,157.21,0.1081,MÁV-START Vasúti Személyszállító Zrt.,HU,MÁV EN 40457,Berlin Hbf,Budapest Nyugati,1899-12-30T19:21:00.000Z,1899-12-30T08:29:00.000Z,NUIT
611.0,15.275,96.502,0.1583,České dráhy a.s.,CZ,JOUR_CD_9121,Ostrava Hlavni,Praha Hlavni,1899-12-30T13:45:00.000Z,1899-12-30T18:55:00.000Z,JOUR
1139.0,24.0,179.962,0.1334,PKP Intercity S.A.,PL,PKP/ČD EN 406,München Hbf,Warszawa Wschodnia,1899-12-30T18:35:00.000Z,1899-12-30T08:15:00.000Z,NUIT
1358.0,25.7,214.564,0.1198,Trenitalia S.p.A,IT,FS IC Notte 794,Reggio Calabria Centrale,Torino Lingotto,1899-12-30T21:43:00.000Z,1899-12-30T14:32:00.000Z,NUIT
1339.0,30.5,211.562,0.1442,TCDD Taşımacılık A.Ş.,TR,TCDD 22010,Ankara,Kars,1899-12-30T17:55:00.000Z,1899-12-30T20:20:00.000Z,NUIT
1160.0,19.8,183.28,0.108,Укрзалізниця,UA,UZ 094,Chelm,Kharkiv,1899-12-30T16:42:00.000Z,1899-12-30T13:53:00.000Z,NUIT
587.0,11.74,92.746,0.1266,Укрзалізниця,UA,JOUR_UZ_3311,Ivano-Frankivsk,Lviv,1899-12-30T13:10:00.000Z,1899-12-30T18:55:00.000Z,JOUR
931.0,7.2,147.098,0.0489,Železničná spoločnosť Slovensko a.s.,SK,ZSSK EN 1153,Bratislava Nové Mesto,Split,1899-12-30T15:26:00.000Z,1899-12-30T08:20:00.000Z,NUIT
1477.0,25.8,233.366,0.1106,Укрзалізниця,UA,UZ/ÖBB 40749,Kyiv Pasazhyrskyi,Wien Hbf,1899-12-30T13:20:00.000Z,1899-12-30T11:20:00.000Z,NUIT
578.0,19.074,91.244,0.209,PKP Intercity S.A.,PL,JOUR_PKP_1103,Gdansk Glowny,Warszawa Centralna,1899-12-30T14:30:00.000Z,1899-12-30T17:58:00.000Z,JOUR
667.0,16.675,105.394,0.1582,Trenitalia S.p.A,IT,JOUR_FS_731,Roma Termini,Venezia Santa Lucia,1899-12-30T12:25:00.000Z,1899-12-30T17:34:00.000Z,JOUR
1400.0,25.0,221.2,0.113,Укрзалізниця,UA,UZ 017 L/045 L,Uzhhorod,Kharkiv,1899-12-30T13:38:00.000Z,1899-12-30T08:50:00.000Z,NUIT
712.0,17.088,112.496,0.1519,ÖBB-Personenverkehr AG,AT,JOUR_OBB_163,Wien Hauptbahnhof,Venezia Santa Lucia,1899-12-30T09:25:00.000Z,1899-12-30T14:57:00.000Z,JOUR
469.0,13.7,74.102,0.1849,Железнице Србије ад,RS,ŽS/ŽPCG 433,Beograd Centar,Bar,1899-12-30T19:54:00.000Z,1899-12-30T06:54:00.000Z,NUIT
1314.0,1.5,207.612,0.0072,Merresor AB,DE,ST 3921,Storlien,Malmö C,1899-12-30T15:25:00.000Z,1899-12-30T07:15:00.000Z,NUIT
1073.0,20.6,169.534,0.1215,Укрзалізниця,UA,UZ 149,Poltava,Chernivtsi,1899-12-30T17:24:00.000Z,1899-12-30T12:25:00.000Z,NUIT
1115.0,19.2,176.17,0.109,Укрзалізниця,UA,UZ 021,Kharkiv,Lviv,1899-12-30T19:38:00.000Z,1899-12-30T11:30:00.000Z,NUIT
412.0,10.3,65.096,0.1582,Trenitalia S.p.A,IT,JOUR_FS_5471,Torino Porta Nuova,Roma Termini,1899-12-30T06:45:00.000Z,1899-12-30T10:37:00.000Z,JOUR
989.0,13.9,156.262,0.089,VR-Yhtymä Oy,FI,VR P 276,Kolari,Helsinki / Helsingfors,1899-12-30T19:42:00.000Z,1899-12-30T10:38:00.000Z,NUIT
1185.0,24.7,187.23,0.1319,PKP Intercity S.A.,PL,PKP/ČD EN 40416,München Hbf,Przemyśl Gł.,1899-12-30T18:35:00.000Z,1899-12-30T10:10:00.000Z,NUIT
584.0,13.5,92.272,0.1463,Calea Ferată din Moldova,MD,CFM/CFR 401,Chişinău,București Nord,1899-12-30T17:05:00.000Z,1899-12-30T06:47:00.000Z,NUIT
796.0,2.4,125.768,0.0191,SNCF Voyageurs SA,FR,SNCF IC Nuit 5792,Briançon,Paris Austerlitz,1899-12-30T19:58:00.000Z,1899-12-30T08:08:00.000Z,NUIT
647.0,12.7,102.226,0.1242,Trenitalia S.p.A,IT,FS IC Notte 788,Lecce,Roma Termini,1899-12-30T22:15:00.000Z,1899-12-30T06:10:00.000Z,NUIT
919.0,15.6,145.202,0.1074,Укрзалізниця,UA,UZ 007 K,Kyiv Pasazhyrskyi,Chernivtsi,1899-12-30T20:21:00.000Z,1899-12-30T08:05:00.000Z,NUIT
1265.0,1.4,199.87,0.007,Merresor AB,DE,ST 3905,Duved,Malmö C,1899-12-30T18:30:00.000Z,1899-12-30T08:55:00.000Z,NUIT
1439.0,16.1,227.362,0.0708,SJ AB,SE,SJ EN 346,Berlin Hbf,Stockholm C,1899-12-30T18:34:00.000Z,1899-12-30T09:55:00.000Z,NUIT
540.0,11.6,85.32,0.136,Укрзалізниця,UA,UZ 024,Chelm,Kyiv Pasazhyrskyi,1899-12-30T16:42:00.000Z,1899-12-30T05:39:00.000Z,NUIT
1009.0,20.3,159.422,0.1273,Trenitalia S.p.A,IT,FS IC Notte 797,Torino Porta Susa,Salerno,1899-12-30T20:40:00.000Z,1899-12-30T09:46:00.000Z,NUIT
851.0,19.4,134.458,0.1443,TCDD Taşımacılık A.Ş.,TR,TCDD 52019,Malatya,Ankara,1899-12-30T15:30:00.000Z,1899-12-30T07:23:00.000Z,NUIT
1052.0,1.1,166.216,0.0066,SJ AB,SE,SJ Nattåg 92,Stockholm C,Luleå C,1899-12-30T21:55:00.000Z,1899-12-30T11:53:00.000Z,NUIT
776.0,2.328,122.608,0.019,SJ AB,SE,JOUR_SJ_100,Gothenburg C,Stockholm C,1899-12-30T14:57:00.000Z,1899-12-30T18:00:00.000Z,JOUR
1481.0,16.1,233.998,0.0688,Merresor AB,DE,ST 300,Stockholm C,Berlin Hbf,1899-12-30T16:20:00.000Z,1899-12-30T07:46:00.000Z,NUIT
482.0,0.16,76.156,0.0021,Vygruppen AS,NO,VY 605,Oslo S,Bergen,1899-12-30T23:03:00.000Z,1899-12-30T06:27:00.000Z,NUIT
564.0,11.2,89.112,0.1257,Укрзалізниця,UA,UZ 091,Kyiv Pasazhyrskyi,Lviv,1899-12-30T22:57:00.000Z,1899-12-30T06:33:00.000Z,NUIT
760.0,26.1,120.08,0.2174,PKP Intercity S.A.,PL,PKP IC 83192,Szczecin Gł.,Zakopane,1899-12-30T21:30:00.000Z,1899-12-30T09:27:00.000Z,NUIT
1337.0,22.6,211.246,0.107,Укрзалізниця,UA,UZ 015,Kharkiv,Yasinia,1899-12-30T14:07:00.000Z,1899-12-30T10:06:00.000Z,NUIT
919.0,15.6,145.202,0.1074,Укрзалізниця,UA,UZ 008 L,Chernivtsi,Kyiv Pasazhyrskyi,1899-12-30T19:12:00.000Z,1899-12-30T07:02:00.000Z,NUIT
817.0,13.8,129.086,0.1069,Укрзалізниця,UA,UZ 065 K,Kharkiv,Uman,1899-12-30T18:13:00.000Z,1899-12-30T09:03:00.000Z,NUIT
1168.0,12.8,184.544,0.0694,ÖBB-Personenverkehr AG,AT,ÖBB NJ 40424,Berlin Ostbahnhof,Paris Est,1899-12-30T18:55:00.000Z,1899-12-30T09:38:00.000Z,NUIT
677.0,6.5,106.966,0.0608,HŽ Putnički prijevoz d.o.o.,HR,HŽPP 1880,Osijek,Split,1899-12-30T19:48:00.000Z,1899-12-30T09:21:00.000Z,NUIT
989.0,13.9,156.262,0.089,VR-Yhtymä Oy,FI,VR P 269,Helsinki / Helsingfors,Kolari,1899-12-30T20:29:00.000Z,1899-12-30T10:55:00.000Z,NUIT
448.0,9.856,70.784,0.1392,Calea Ferată din Moldova,MD,JOUR_CFM_3370,Chisinau,Balti,1899-12-30T08:00:00.000Z,1899-12-30T11:29:00.000Z,JOUR
903.0,5.3,142.674,0.0371,HŽ Putnički prijevoz d.o.o.,HR,HŽPP/ÖBB EN 40465,Zürich HB,Zagreb Gl. K.,1899-12-30T19:40:00.000Z,1899-12-30T10:39:00.000Z,NUIT
1358.0,25.7,214.564,0.1198,Trenitalia S.p.A,IT,FS IC Notte 795,Torino Lingotto,Reggio Calabria Centrale,1899-12-30T15:29:00.000Z,1899-12-30T08:45:00.000Z,NUIT
1107.0,16.2,174.906,0.0926,European Sleeper Cooperatïe,NL,ES 457,Milano Centrale,Bruxelles Midi / Brussel Zuid,,,NUIT
1157.0,24.7,182.806,0.1351,C.F.R. Călători S.A.,RO,CFR/MÁV/ÖBB D 346,București Nord,Wien Hbf,1899-12-30T14:07:00.000Z,1899-12-30T08:21:00.000Z,NUIT
807.0,11.1,127.506,0.0871,HŽ Putnički prijevoz d.o.o.,HR,HŽPP/ÖBB EN 414,Zagreb Gl. K.,Stuttgart Hbf,1899-12-30T19:38:00.000Z,1899-12-30T08:38:00.000Z,NUIT
529.0,4.7,83.582,0.0562,Železničná spoločnosť Slovensko a.s.,SK,ZSSK R 681,Bratislava hl.st.,Humenné,1899-12-30T22:55:00.000Z,1899-12-30T07:29:00.000Z,NUIT
725.0,0.23,114.55,0.002,SJ Norge AS,NO,SJN 475,Trondheim,Bodø,1899-12-30T23:05:00.000Z,1899-12-30T09:05:00.000Z,NUIT
487.0,10.714,76.916,0.1393,C.F.R. Călători S.A.,RO,JOUR_CFR_7210,Bucuresti Nord,Timisoara Nord,1899-12-30T08:00:00.000Z,1899-12-30T11:42:00.000Z,JOUR
1055.0,5.275,166.69,0.0316,SNCF Voyageurs SA,FR,JOUR_SNCF_6200,Barcelona Sants,Paris Gare de Lyon,1899-12-30T08:42:00.000Z,1899-12-30T15:57:00.000Z,JOUR
934.0,20.548,147.572,0.1392,C.F.R. Călători S.A.,RO,JOUR_CFR_214,Cluj-Napoca,Bucuresti Nord,1899-12-30T13:42:00.000Z,1899-12-30T20:05:00.000Z,JOUR
1212.0,21.7,191.496,0.1133,Укрзалізниця,UA,UZ 074,Przemyśl Gł.,Kharkiv,1899-12-30T13:45:00.000Z,1899-12-30T13:53:00.000Z,NUIT
513.0,11.0,81.054,0.1357,БДЖ - Пътнически превози ЕООД,BG,BDŽ 3636,Varna,Sofia,1899-12-30T21:40:00.000Z,1899-12-30T07:00:00.000Z,NUIT
962.0,17.9,151.996,0.1178,Trenitalia S.p.A,IT,FS IC Notte 796,Salerno,Torino Lingotto,1899-12-30T20:52:00.000Z,1899-12-30T10:32:00.000Z,NUIT
459.0,9.5,72.522,0.131,C.F.R. Călători S.A.,RO,CFR 1837,Iași,Cluj-Napoca,1899-12-30T20:40:00.000Z,1899-12-30T05:20:00.000Z,NUIT
591.0,13.9,93.378,0.1489,TCDD Taşımacılık A.Ş.,TR,TCDD/BDŽ 493/12504,Sofia,İstanbul Halkalı,1899-12-30T18:45:00.000Z,1899-12-30T06:34:00.000Z,NUIT
745.0,12.6,117.71,0.107,Železničná spoločnosť Slovensko a.s.,SK,ZSSK EN 443,Praha hl.n.,Humenné,1899-12-30T22:16:00.000Z,1899-12-30T10:29:00.000Z,NUIT
1171.0,22.5,185.018,0.1216,Укрзалізниця,UA,UZ 010,Budapest Keleti,Kyiv Pasazhyrskyi,1899-12-30T22:40:00.000Z,1899-12-30T19:11:00.000Z,NUIT
631.0,12.5,99.698,0.1254,Trenitalia S.p.A,IT,FS IC Notte 764,Roma Termini,Bolzano / Bozen,1899-12-30T22:05:00.000Z,1899-12-30T06:28:00.000Z,NUIT
1112.0,16.0,175.696,0.0911,ÖBB-Personenverkehr AG,AT,ÖBB NJ 40294,Roma Tiburtina,Wien Hbf,1899-12-30T18:10:00.000Z,1899-12-30T08:52:00.000Z,NUIT
606.0,13.0,95.748,0.1358,C.F.R. Călători S.A.,RO,CFR 1654,Vatra Dornei Băi,București Nord,1899-12-30T20:28:00.000Z,1899-12-30T05:56:00.000Z,NUIT
1427.0,30.5,225.466,0.1353,Trenitalia S.p.A,IT,FS IC Notte 1967,Milano Centrale,Palermo Centrale,1899-12-30T20:10:00.000Z,1899-12-30T16:55:00.000Z,NUIT
1305.0,20.9,206.19,0.1014,Укрзалізниця,UA,UZ 032 D,Przemyśl Gł.,Zaporizhzhia 1,1899-12-30T18:07:00.000Z,1899-12-30T14:37:00.000Z,NUIT
539.0,11.0,85.162,0.1292,БДЖ - Пътнически превози ЕООД,BG,BDŽ 8656,Varna,Sofia,1899-12-30T23:30:00.000Z,1899-12-30T09:00:00.000Z,NUIT
831.0,19.0,131.298,0.1447,Astra Trans Carpatic SRL,RO,ATC IR 1920,Constanța,Oradea,1899-12-30T18:43:00.000Z,1899-12-30T12:40:00.000Z,NUIT
891.0,29.403,140.798,0.2088,PKP Intercity S.A.,PL,JOUR_PKP_45,Warszawa Centralna,Wien Hauptbahnhof,1899-12-30T06:52:00.000Z,1899-12-30T13:58:00.000Z,JOUR
758.0,11.4,119.764,0.0952,Укрзалізниця,UA,UZ 007 O/059 O,Kharkiv,Odesa Holovna,1899-12-30T17:55:00.000Z,1899-12-30T08:10:00.000Z,NUIT
740.0,20.6,116.92,0.1762,RegioJet a.s.,CZ,RJ 1038,Przemyśl Gł.,Praha hl.n.,1899-12-30T22:12:00.000Z,1899-12-30T08:56:00.000Z,NUIT
865.0,20.8,136.67,0.1522,Укрзалізниця,UA,UZ 078 Š,Odesa Holovna,Kovel,1899-12-30T17:03:00.000Z,1899-12-30T09:31:00.000Z,NUIT
1261.0,28.7,199.238,0.144,TCDD Taşımacılık A.Ş.,TR,TCDD 22012,Ankara,Tatvan,1899-12-30T11:20:00.000Z,1899-12-30T13:31:00.000Z,NUIT
533.0,11.4,84.214,0.1354,БДЖ - Пътнически превози ЕООД,BG,BDŽ 2627,Sofia,Varna,1899-12-30T23:00:00.000Z,1899-12-30T06:52:00.000Z,NUIT
1160.0,19.8,183.28,0.108,Укрзалізниця,UA,UZ 093,Kharkiv,Chelm,1899-12-30T13:32:00.000Z,1899-12-30T11:05:00.000Z,NUIT
1112.0,16.0,175.696,0.0911,ÖBB-Personenverkehr AG,AT,ÖBB NJ 40491,Hamburg Altona,Innsbruck Hbf,1899-12-30T19:56:00.000Z,1899-12-30T09:14:00.000Z,NUIT
831.0,19.0,131.298,0.1447,Astra Trans Carpatic SRL,RO,ATC IR 1922,Oradea,Constanța,1899-12-30T14:20:00.000Z,1899-12-30T08:31:00.000Z,NUIT
604.0,14.0,95.432,0.1467,C.F.R. Călători S.A.,RO,CFR 1822,Arad,București Nord,1899-12-30T17:48:00.000Z,1899-12-30T05:25:00.000Z,NUIT
680.0,26.4,107.44,0.2457,PKP Intercity S.A.,PL,PKP TLK 83174/64174,Świnoujście,Bielsko-Biała Gł.,1899-12-30T20:17:00.000Z,1899-12-30T05:49:00.000Z,NUIT
863.0,20.712,136.354,0.1519,БДЖ - Пътнически превози ЕООД,BG,JOUR_BDZ_662,Varna,Sofia,1899-12-30T09:20:00.000Z,1899-12-30T16:11:00.000Z,JOUR
1465.0,25.3,231.47,0.1093,Укрзалізниця,UA,UZ 006 P,Zaporizhzhia 1,Yasinia,1899-12-30T13:00:00.000Z,1899-12-30T10:43:00.000Z,NUIT
989.0,3.1,156.262,0.0198,SNCF Voyageurs SA,FR,SNCF IC Nuit 5772,Nice Ville,Paris Austerlitz,1899-12-30T17:55:00.000Z,1899-12-30T08:08:00.000Z,NUIT
839.0,15.102,132.622,0.1139,First Greater Western Ltd.,GB,JOUR_GWR_118,Edinburgh Waverley,London Paddington,1899-12-30T10:00:00.000Z,1899-12-30T16:52:00.000Z,JOUR
792.0,2.2,125.136,0.0176,SNCF Voyageurs SA,FR,SNCF IC Nuit 3754 (Sun),Albi Ville,Paris Austerlitz,1899-12-30T20:50:00.000Z,1899-12-30T08:32:00.000Z,NUIT
645.0,14.6,101.91,0.1433,Caledonian Sleeper Ltd.,GB,CS 1003 (G),London Euston,Glasgow Central,1899-12-30T23:45:00.000Z,1899-12-30T07:30:00.000Z,NUIT
867.0,16.658839,136.986,0.1216,Укрзалізниця,UA,UZ 068,Warszawa Wschodnia,Kyiv Pasazhyrskyi,1899-12-30T17:49:00.000Z,1899-12-30T10:45:00.000Z,NUIT
553.0,15.064,87.022,0.1731,RegioJet a.s.,CZ,JOUR_RJ_2181,Brno Hlavni,Praha Hlavni,1899-12-30T14:30:00.000Z,1899-12-30T19:01:00.000Z,JOUR
841.0,2.9,132.878,0.0218,SNCF Voyageurs SA,FR,SNCF IC Nuit 3740,Paris Austerlitz,Tarbes,1899-12-30T21:41:00.000Z,1899-12-30T09:37:00.000Z,NUIT
1400.0,25.0,221.2,0.113,Укрзалізниця,UA,UZ 017 O/045 D,Kharkiv,Uzhhorod,1899-12-30T14:36:00.000Z,1899-12-30T08:34:00.000Z,NUIT
588.0,0.18,92.904,0.0019,Go-Ahead Norge AS,GB,GA F5 725,Oslo S,Stavanger,1899-12-30T22:25:00.000Z,1899-12-30T07:20:00.000Z,NUIT
493.0,10.3,77.894,0.1322,C.F.R. Călători S.A.,RO,CFR 1642 (CN),Cluj-Napoca,București Nord,1899-12-30T20:03:00.000Z,1899-12-30T06:20:00.000Z,NUIT
784.0,29.435,123.826,0.2377,MÁV-START Vasúti Személyszállító Zrt.,HU,JOUR_MAV_776,Debrecen,Budapest Keleti,1899-12-30T14:02:00.000Z,1899-12-30T20:20:00.000Z,JOUR
451.0,9.9,71.258,0.1389,C.F.R. Călători S.A.,RO,CFR 1641/R-E 4008,București Nord,Bistrița Nord,1899-12-30T21:03:00.000Z,1899-12-30T05:57:00.000Z,NUIT
803.0,13.1,126.874,0.1033,C.F.R. Călători S.A.,RO,CFR/MÁV IC 407,Budapest Keleti,Brașov,1899-12-30T17:40:00.000Z,1899-12-30T09:43:00.000Z,NUIT
673.0,12.787,106.334,0.1203,VR-Yhtymä Oy,FI,JOUR_VR_6670,Helsinki,Oulu,1899-12-30T08:00:00.000Z,1899-12-30T13:35:00.000Z,JOUR
534.0,18.69,84.372,0.2215,MÁV-START Vasúti Személyszállító Zrt.,HU,JOUR_MAV_2650,Budapest Keleti,Miskolc,1899-12-30T08:45:00.000Z,1899-12-30T13:08:00.000Z,JOUR
529.0,16.0,83.582,0.1914,Укрзалізниця,UA,UZ 097,Kyiv Pasazhyrskyi,Kovel,1899-12-30T21:56:00.000Z,1899-12-30T08:28:00.000Z,NUIT
672.0,11.8,106.176,0.1111,RegioJet a.s.,CZ,RJ 1021,Praha hl.n.,Chop,1899-12-30T21:52:00.000Z,1899-12-30T10:34:00.000Z,NUIT
845.0,18.0,133.51,0.1348,ÖBB-Personenverkehr AG,AT,ÖBB NJ 403,Amsterdam Centraal,Zürich HB,1899-12-30T20:15:00.000Z,1899-12-30T08:05:00.000Z,NUIT
482.0,0.16,76.156,0.0021,Vygruppen AS,NO,VY 606,Bergen,Oslo S,1899-12-30T23:00:00.000Z,1899-12-30T06:27:00.000Z,NUIT
653.0,10.1,103.174,0.0979,Укрзалізниця,UA,UZ 105,Kyiv Pasazhyrskyi,Odesa Holovna,1899-12-30T21:02:00.000Z,1899-12-30T06:13:00.000Z,NUIT
488.0,7.7,77.104,0.0999,Укрзалізниця,UA,UZ 076,Kryvyi Rih,Kyiv Pasazhyrskyi,1899-12-30T20:57:00.000Z,1899-12-30T06:26:00.000Z,NUIT
743.0,18.575,117.394,0.1582,Trenitalia S.p.A,IT,JOUR_FS_510,Milano Centrale,Napoli Centrale,1899-12-30T08:15:00.000Z,1899-12-30T13:46:00.000Z,JOUR
737.0,14.1,116.446,0.1211,Укрзалізниця,UA,UZ 012 L,Lviv,Odesa Holovna,1899-12-30T19:46:00.000Z,1899-12-30T06:23:00.000Z,NUIT
1503.0,25.6,237.474,0.1078,Укрзалізниця,UA,UZ 013 L,Solotvyno,Kyiv Pasazhyrskyi,1899-12-30T14:00:00.000Z,1899-12-30T08:54:00.000Z,NUIT
523.0,14.644,82.516,0.1775,TCDD Taşımacılık A.Ş.,TR,JOUR_TCDD_4410,Ankara Gari,Izmir Basmane,1899-12-30T09:10:00.000Z,1899-12-30T13:26:00.000Z,JOUR
952.0,2.7,150.416,0.018,SNCF Voyageurs SA,FR,SNCF IC Nuit 5738,Cerbère,Paris Austerlitz,1899-12-30T18:53:00.000Z,1899-12-30T08:50:00.000Z,NUIT
456.0,15.048,72.048,0.2089,PKP Intercity S.A.,PL,JOUR_PKP_3820,Warszawa Centralna,Krakow Glowny,1899-12-30T07:38:00.000Z,1899-12-30T10:58:00.000Z,JOUR
588.0,0.18,92.904,0.0019,Go-Ahead Norge AS,GB,GA F5 726,Stavanger,Oslo S,1899-12-30T22:15:00.000Z,1899-12-30T07:26:00.000Z,NUIT
702.0,12.6,110.916,0.1136,Укрзалізниця,UA,UZ 049,Kyiv Pasazhyrskyi,Truskavets,1899-12-30T21:48:00.000Z,1899-12-30T07:23:00.000Z,NUIT
956.0,17.6,151.048,0.1165,Укрзалізниця,UA,UZ 043 Š,Cherkasy,Ivano-Frankivsk,1899-12-30T16:50:00.000Z,1899-12-30T09:56:00.000Z,NUIT
604.0,14.0,95.432,0.1467,Astra Trans Carpatic SRL,RO,ATC IR 11501,București Nord,Arad,1899-12-30T19:28:00.000Z,1899-12-30T08:15:00.000Z,NUIT
914.0,18.9,144.412,0.1309,Caledonian Sleeper Ltd.,GB,CS 1002 (I),Inverness / Inbhir Nis,London Euston,1899-12-30T20:45:00.000Z,1899-12-30T08:00:00.000Z,NUIT
851.0,19.4,134.458,0.1443,TCDD Taşımacılık A.Ş.,TR,TCDD 22018,Ankara,Malatya,1899-12-30T19:10:00.000Z,1899-12-30T10:56:00.000Z,NUIT
567.0,12.0,89.586,0.1339,TCDD Taşımacılık A.Ş.,TR,TCDD 12002,İstanbul Halkalı,Ankara,1899-12-30T22:00:00.000Z,1899-12-30T06:58:00.000Z,NUIT
852.0,16.2,134.616,0.1203,European Sleeper Cooperatïe,NL,ES 452,Praha hl.n.,Bruxelles Midi / Brussel Zuid,1899-12-30T18:04:00.000Z,1899-12-30T09:27:00.000Z,NUIT
489.0,10.0,77.262,0.1294,First Greater Western Ltd.,GB,GWR Sleeper (London),Penzance,London Paddington,1899-12-30T21:45:00.000Z,1899-12-30T05:08:00.000Z,NUIT
638.0,22.5,100.804,0.2232,PKP Intercity S.A.,PL,PKP TLK 16190,Warszawa Wschodnia,Jelenia Góra,1899-12-30T22:01:00.000Z,1899-12-30T07:22:00.000Z,NUIT
811.0,18.0,128.138,0.1405,TCDD Taşımacılık A.Ş.,TR,TCDD 22006,Ankara,İzmir Basmane,1899-12-30T20:00:00.000Z,1899-12-30T09:35:00.000Z,NUIT
922.0,15.4,145.676,0.1057,Укрзалізниця,UA,UZ 081 K,Kyiv Pasazhyrskyi,Uzhhorod,1899-12-30T18:35:00.000Z,1899-12-30T10:59:00.000Z,NUIT
876.0,15.4,138.408,0.1113,Укрзалізниця,UA,UZ 029 K,Kyiv Pasazhyrskyi,Uzhhorod,1899-12-30T19:19:00.000Z,1899-12-30T07:33:00.000Z,NUIT
875.0,2.6,138.25,0.0188,SNCF Voyageurs SA,FR,SNCF IC Nuit 3970,Latour-de-Carol / La Tor de Querol,Paris Austerlitz,1899-12-30T18:48:00.000Z,1899-12-30T07:03:00.000Z,NUIT
1052.0,1.1,166.216,0.0066,SJ AB,SE,SJ Nattåg 93 (L),Luleå C,Stockholm C,1899-12-30T21:10:00.000Z,1899-12-30T10:09:00.000Z,NUIT
638.0,22.5,100.804,0.2232,PKP Intercity S.A.,PL,PKP TLK 61190,Jelenia Góra,Warszawa Centralna,1899-12-30T21:16:00.000Z,1899-12-30T05:50:00.000Z,NUIT
858.0,18.2,135.564,0.1343,C.F.R. Călători S.A.,RO,CFR/MÁV IRN / IC 79,Budapest Keleti,București Nord,1899-12-30T15:10:00.000Z,1899-12-30T08:42:00.000Z,NUIT
602.0,3.9,95.116,0.041,SNCF Voyageurs SA,FR,SNCF IC Nuit 3789,Paris Austerlitz,Aurillac,1899-12-30T19:27:00.000Z,1899-12-30T07:35:00.000Z,NUIT
1278.0,19.9,201.924,0.0986,Укрзалізниця,UA,UZ 192 P,Kramatorsk,Odesa Holovna,1899-12-30T17:32:00.000Z,1899-12-30T13:04:00.000Z,NUIT
1305.0,20.9,206.19,0.1014,Укрзалізниця,UA,UZ 032 P,Zaporizhzhia 1,Przemyśl Gł.,1899-12-30T20:47:00.000Z,1899-12-30T15:21:00.000Z,NUIT
1083.0,9.176,171.266,0.0536,European Sleeper Cooperatïe,NL,JOUR_ES_560,Bruxelles Midi,Amsterdam Centraal,1899-12-30T10:05:00.000Z,1899-12-30T19:30:00.000Z,JOUR
1115.0,19.2,176.17,0.109,Укрзалізниця,UA,UZ 022,Lviv,Kharkiv,1899-12-30T18:42:00.000Z,1899-12-30T10:17:00.000Z,NUIT
717.0,11.472,113.306,0.1012,HŽ Putnički prijevoz d.o.o.,HR,JOUR_HZ_5561,Split,Zagreb,1899-12-30T13:25:00.000Z,1899-12-30T19:08:00.000Z,JOUR
1092.0,22.1,172.536,0.1281,Trenitalia S.p.A,IT,FS IC Notte 758,Lecce,Milano Centrale,1899-12-30T18:31:00.000Z,1899-12-30T07:05:00.000Z,NUIT
1112.0,16.0,175.696,0.0911,ÖBB-Personenverkehr AG,AT,ÖBB NJ 40420,Innsbruck Hbf,Hamburg Altona,1899-12-30T20:46:00.000Z,1899-12-30T09:06:00.000Z,NUIT
587.0,11.74,92.746,0.1266,Укрзалізниця,UA,JOUR_UZ_3310,Lviv,Ivano-Frankivsk,1899-12-30T08:45:00.000Z,1899-12-30T14:30:00.000Z,JOUR
1120.0,16.2,176.96,0.0915,European Sleeper Cooperatïe,NL,ES 496,Paris Gare du Nord,Berlin Hbf,1899-12-30T17:45:00.000Z,1899-12-30T09:59:00.000Z,NUIT
1465.0,25.3,231.47,0.1093,Укрзалізниця,UA,UZ 006 L,Yasinia,Zaporizhzhia 1,1899-12-30T12:23:00.000Z,1899-12-30T11:05:00.000Z,NUIT
405.0,9.8,63.99,0.1531,C.F.R. Călători S.A.,RO,CFR 1667,București Nord,Iași,1899-12-30T22:50:00.000Z,1899-12-30T05:26:00.000Z,NUIT
441.0,8.82,69.678,0.1266,Укрзалізниця,UA,JOUR_UZ_8831,Kyiv Pasazhyrskyi,Kharkiv Pasazhyrskyi,1899-12-30T14:35:00.000Z,1899-12-30T19:03:00.000Z,JOUR
839.0,18.8,132.562,0.1418,Caledonian Sleeper Ltd.,GB,CS 1001 (FW),London Euston,Fort William / An Gearasdan,1899-12-30T21:15:00.000Z,1899-12-30T10:00:00.000Z,NUIT
553.0,15.064,87.022,0.1731,RegioJet a.s.,CZ,JOUR_RJ_2180,Praha Hlavni,Brno Hlavni,1899-12-30T07:15:00.000Z,1899-12-30T11:46:00.000Z,JOUR
672.0,11.8,106.176,0.1111,RegioJet a.s.,CZ,RJ 1020,Chop,Praha hl.n.,1899-12-30T17:35:00.000Z,1899-12-30T05:46:00.000Z,NUIT
469.0,13.7,74.102,0.1849,Железнице Србије ад,RS,ŽS/ŽPCG 1130 / 432,Bar,Beograd Centar,1899-12-30T20:10:00.000Z,1899-12-30T07:08:00.000Z,NUIT
591.0,13.9,93.378,0.1489,TCDD Taşımacılık A.Ş.,TR,TCDD/BDŽ 12503/492,İstanbul Halkalı,Sofia,1899-12-30T20:00:00.000Z,1899-12-30T09:40:00.000Z,NUIT
714.0,2.2,112.812,0.0195,SNCF Voyageurs SA,FR,SNCF IC Nuit 3751,Paris Austerlitz,Toulouse Matabiau,1899-12-30T22:13:00.000Z,1899-12-30T07:44:00.000Z,NUIT
962.0,17.9,151.996,0.1178,Trenitalia S.p.A,IT,FS IC Notte 1515,Torino Lingotto,Salerno,1899-12-30T20:23:00.000Z,1899-12-30T09:11:00.000Z,NUIT
1127.0,22.54,178.066,0.1266,Укрзалізниця,UA,JOUR_UZ_501,Kyiv Pasazhyrskyi,Odesa Holovna,1899-12-30T06:30:00.000Z,1899-12-30T15:18:00.000Z,JOUR
874.0,4.37,138.092,0.0316,SNCF Voyageurs SA,FR,JOUR_SNCF_9710,Paris Nord,Amsterdam Centraal,1899-12-30T07:25:00.000Z,1899-12-30T13:11:00.000Z,JOUR
605.0,12.4,95.59,0.1297,БДЖ - Пътнически превози ЕООД,BG,BDŽ 9647,Sofia,Silistra,1899-12-30T20:10:00.000Z,1899-12-30T07:20:00.000Z,NUIT
540.0,11.6,85.32,0.136,Укрзалізниця,UA,UZ 020,Chelm,Kyiv Pasazhyrskyi,1899-12-30T23:40:00.000Z,1899-12-30T12:17:00.000Z,NUIT
1115.0,19.2,176.17,0.109,Укрзалізниця,UA,UZ 063,Kharkiv,Lviv,1899-12-30T22:38:00.000Z,1899-12-30T13:39:00.000Z,NUIT
799.0,17.7,126.242,0.1402,TCDD Taşımacılık A.Ş.,TR,TCDD/BDŽ/CFR 461/12504,București Nord,İstanbul Halkalı,1899-12-30T10:50:00.000Z,1899-12-30T06:34:00.000Z,NUIT
1052.0,1.1,166.216,0.0066,SJ AB,SE,SJ Nattåg 91,Luleå C,Stockholm C,1899-12-30T17:00:00.000Z,1899-12-30T06:35:00.000Z,NUIT
865.0,20.8,136.67,0.1522,Укрзалізниця,UA,UZ 078 L,Kovel,Odesa Holovna,1899-12-30T17:35:00.000Z,1899-12-30T09:08:00.000Z,NUIT
914.0,18.9,144.412,0.1309,Caledonian Sleeper Ltd.,GB,CS 1001 (I),London Euston,Inverness / Inbhir Nis,1899-12-30T21:15:00.000Z,1899-12-30T08:45:00.000Z,NUIT
654.0,15.696,103.332,0.1519,ÖBB-Personenverkehr AG,AT,JOUR_OBB_87,Zurich HB,Wien Hauptbahnhof,1899-12-30T08:33:00.000Z,1899-12-30T13:44:00.000Z,JOUR
867.0,21.675,136.941,0.1583,České dráhy a.s.,CZ,JOUR_CD_441,Praha Hlavni,Plzen Hlavni,1899-12-30T07:50:00.000Z,1899-12-30T13:34:00.000Z,JOUR
995.0,17.0,157.21,0.1081,MÁV-START Vasúti Személyszállító Zrt.,HU,MÁV EN 40476,Budapest Nyugati,Berlin Hbf,1899-12-30T19:30:00.000Z,1899-12-30T08:15:00.000Z,NUIT
700.0,6.5,110.6,0.0588,HŽ Putnički prijevoz d.o.o.,HR,HŽPP 1840,Vukovar,Split,1899-12-30T16:57:00.000Z,1899-12-30T06:51:00.000Z,NUIT
528.0,13.2,83.424,0.1582,Trenitalia S.p.A,IT,JOUR_FS_2270,Roma Termini,Milano Centrale,1899-12-30T07:00:00.000Z,1899-12-30T10:30:00.000Z,JOUR
1120.0,16.2,176.96,0.0915,European Sleeper Cooperatïe,NL,ES 497,Berlin Hbf,Paris Gare du Nord,1899-12-30T18:31:00.000Z,1899-12-30T10:00:00.000Z,NUIT
877.0,18.1,138.566,0.1306,Caledonian Sleeper Ltd.,GB,CS 1002 (A),Aberdeen,London Euston,1899-12-30T21:43:00.000Z,1899-12-30T08:00:00.000Z,NUIT
704.0,0.71,111.232,0.0064,SJ AB,SE,SJ 77 (S),Umeå C,Stockholm C,1899-12-30T19:41:00.000Z,1899-12-30T05:04:00.000Z,NUIT
667.0,16.675,105.394,0.1582,Trenitalia S.p.A,IT,JOUR_FS_730,Venezia Santa Lucia,Roma Termini,1899-12-30T09:08:00.000Z,1899-12-30T14:17:00.000Z,JOUR
658.0,10.8,103.964,0.1039,Укрзалізниця,UA,UZ 038 P,Zaporizhzhia 1,Kyiv Pasazhyrskyi,1899-12-30T20:35:00.000Z,1899-12-30T05:58:00.000Z,NUIT
1107.0,16.2,174.906,0.0926,European Sleeper Cooperatïe,NL,ES 456,Bruxelles Midi / Brussel Zuid,Milano Centrale,,,NUIT
784.0,29.435,123.826,0.2377,MÁV-START Vasúti Személyszállító Zrt.,HU,JOUR_MAV_775,Budapest Keleti,Debrecen,1899-12-30T07:40:00.000Z,1899-12-30T13:58:00.000Z,JOUR
1077.0,19.2,170.166,0.1128,Укрзалізниця,UA,UZ 080,Lviv,Dnipro Holovny,1899-12-30T15:03:00.000Z,1899-12-30T06:06:00.000Z,NUIT
700.0,12.9,110.6,0.1166,Укрзалізниця,UA,UZ 051,Kyiv Pasazhyrskyi,Przemyśl Gł.,1899-12-30T19:27:00.000Z,1899-12-30T05:53:00.000Z,NUIT
634.0,1.902,100.172,0.019,SJ AB,SE,JOUR_SJ_2540,Stockholm C,Malmo C,1899-12-30T08:22:00.000Z,1899-12-30T13:49:00.000Z,JOUR
702.0,12.6,110.916,0.1136,Укрзалізниця,UA,UZ 050,Truskavets,Kyiv Pasazhyrskyi,1899-12-30T20:54:00.000Z,1899-12-30T06:36:00.000Z,NUIT
680.0,26.4,107.44,0.2457,PKP Intercity S.A.,PL,PKP TLK 46174/38174,Bielsko-Biała Gł.,Świnoujście,1899-12-30T21:56:00.000Z,1899-12-30T07:42:00.000Z,NUIT
